{
    "adaptive_bed_mesh_margin": "0",
    "auxiliary_fan": "0",
    "bbl_use_printhost": "0",
    "bed_custom_model": "",
    "bed_custom_texture": "",
    "bed_exclude_area": [
        "0x0"
    ],
    "bed_mesh_max": "99999,99999",
    "bed_mesh_min": "-99999,-99999",
    "bed_mesh_probe_distance": "50,50",
    "before_layer_change_gcode": ";BEFORE_LAYER_CHANGE\n;[layer_z]\nG92 E0\n",
    "best_object_pos": "0.5,0.5",
    "change_extrusion_role_gcode": "",
    "change_filament_gcode": "",
    "cooling_tube_length": "5",
    "cooling_tube_retraction": "91.5",
    "default_filament_profile": [
        "My Generic PLA @MyToolChanger"
    ],
    "default_print_profile": "0.20mm Standard @MyToolChanger",
    "deretraction_speed": [
        "30",
        "30"
    ],
    "disable_m73": "0",
    "emit_machine_limits_to_gcode": "1",
    "enable_filament_ramming": "1",
    "enable_long_retraction_when_cut": "0",
    "extra_loading_move": "-2",
    "extruder_clearance_height_to_lid": "140",
    "extruder_clearance_height_to_rod": "36",
    "extruder_clearance_radius": "65",
    "extruder_colour": [
        "#FCE94F",
        "#FCE94F"
    ],
    "extruder_offset": [
        "0x0",
        "0x0"
    ],
    "fan_kickstart": "0",
    "fan_speedup_overhangs": "1",
    "fan_speedup_time": "0",
    "from": "User",
    "gcode_flavor": "marlin",
    "head_wrap_detect_zone": [],
    "high_current_on_filament_swap": "0",
    "host_type": "octoprint",
    "inherits": "MyToolChanger 0.4 nozzle",
    "is_custom_defined": "0",
    "layer_change_gcode": ";AFTER_LAYER_CHANGE\n;[layer_z]",
    "long_retractions_when_cut": [
        "0",
        "0"
    ],
    "machine_end_gcode": "M104 T0 S0;\nM104 T1 S0;\nM140 S0;\nG92 E1;\nG1 E-1 F300;\nG28 X0 Y0;\nM84;",
    "machine_load_filament_time": "0",
    "machine_max_acceleration_e": [
        "5000",
        "5000"
    ],
    "machine_max_acceleration_extruding": [
        "20000",
        "20000"
    ],
    "machine_max_acceleration_retracting": [
        "5000",
        "5000"
    ],
    "machine_max_acceleration_travel": [
        "20000",
        "20000"
    ],
    "machine_max_acceleration_x": [
        "20000",
        "20000"
    ],
    "machine_max_acceleration_y": [
        "20000",
        "20000"
    ],
    "machine_max_acceleration_z": [
        "500",
        "200"
    ],
    "machine_max_jerk_e": [
        "2.5",
        "2.5"
    ],
    "machine_max_jerk_x": [
        "9",
        "9"
    ],
    "machine_max_jerk_y": [
        "9",
        "9"
    ],
    "machine_max_jerk_z": [
        "0.2",
        "0.4"
    ],
    "machine_max_speed_e": [
        "25",
        "25"
    ],
    "machine_max_speed_x": [
        "500",
        "200"
    ],
    "machine_max_speed_y": [
        "500",
        "200"
    ],
    "machine_max_speed_z": [
        "12",
        "12"
    ],
    "machine_min_extruding_rate": [
        "0",
        "0"
    ],
    "machine_min_travel_rate": [
        "0",
        "0"
    ],
    "machine_pause_gcode": "M83 ; switch to relative E values for any needed retraction\nG1 F300 Z1.8399999999999999 ; move up a millimeter to get out of the way\nG1 F9000 X0 Y0\nG1 F300 Z15 ; too close to bed--move to at least 15mm\nM104 S200 ; standby temperature\nM300 S440 P1000 ; Beep\nM25 ; Do the actual pause\nM109 S200 ; WAIT for resume temperature",
    "machine_start_gcode": "G21;\nG90;\nM82;\nM107;\nG28;\nG1 Z15.0 F9000;",
    "machine_tool_change_time": "0",
    "machine_unload_filament_time": "0",
    "manual_filament_change": "0",
    "max_layer_height": [
        "0.32",
        "0.32"
    ],
    "min_layer_height": [
        "0.08",
        "0.08"
    ],
    "name": "Hellbot Hidra",
    "nozzle_diameter": [
        "0.4",
        "0.4"
    ],
    "nozzle_height": "2.5",
    "nozzle_hrc": "0",
    "nozzle_type": "undefine",
    "nozzle_volume": "0",
    "parking_pos_retraction": "92",
    "pellet_modded_printer": "0",
    "preferred_orientation": "0",
    "printable_area": [
        "0x0",
        "230x0",
        "230x230",
        "0x230"
    ],
    "printable_height": "250",
    "printer_model": "Generic ToolChanger Printer",
    "printer_notes": "",
    "printer_settings_id": "Hellbot Hidra",
    "printer_structure": "undefine",
    "printer_technology": "FFF",
    "printer_variant": "0.4",
    "printhost_authorization_type": "key",
    "printhost_ssl_ignore_revoke": "0",
    "printing_by_object_gcode": "",
    "purge_in_prime_tower": "0",
    "retract_before_wipe": [
        "70%",
        "70%"
    ],
    "retract_length_toolchange": [
        "2",
        "2"
    ],
    "retract_lift_above": [
        "0",
        "0"
    ],
    "retract_lift_below": [
        "0",
        "0"
    ],
    "retract_lift_enforce": [
        "All Surfaces",
        "All Surfaces"
    ],
    "retract_restart_extra": [
        "0",
        "0"
    ],
    "retract_restart_extra_toolchange": [
        "0",
        "0"
    ],
    "retract_when_changing_layer": [
        "1",
        "1"
    ],
    "retraction_distances_when_cut": [
        "18",
        "18"
    ],
    "retraction_length": [
        "0.8",
        "0.8"
    ],
    "retraction_minimum_travel": [
        "1",
        "1"
    ],
    "retraction_speed": [
        "30",
        "30"
    ],
    "scan_first_layer": "0",
    "silent_mode": "0",
    "single_extruder_multi_material": "0",
    "support_air_filtration": "1",
    "support_chamber_temp_control": "1",
    "support_multi_bed_types": "0",
    "template_custom_gcode": "",
    "thumbnails": "48x48/PNG,300x300/PNG",
    "thumbnails_format": "PNG",
    "time_cost": "0",
    "time_lapse_gcode": "",
    "travel_slope": [
        "3",
        "3"
    ],
    "upward_compatible_machine": [],
    "use_firmware_retraction": "0",
    "use_relative_e_distances": "1",
    "version": "2.2.0.4",
    "wipe": [
        "1",
        "1"
    ],
    "wipe_distance": [
        "1",
        "1"
    ],
    "z_hop": [
        "0.4",
        "0.4"
    ],
    "z_hop_types": [
        "Normal Lift",
        "Normal Lift"
    ],
    "z_offset": "0"
}
