{
    "enable_prime_tower": "0",
    "enable_support": "1",
    "ensure_vertical_shell_thickness": "ensure_moderate",
    "extra_perimeters_on_overhangs": "1",
    "from": "User",
    "inherits": "0.20mm Speed @Prusa XL 5T 0.4",
    "interlocking_beam": "1",
    "internal_solid_infill_pattern": "zig-zag",
    "ironing_type": "top",
    "is_custom_defined": "0",
    "is_infill_first": "1",
    "name": "0.20mm Speed @Saravia 0.4",
    "precise_outer_wall": "1",
    "preheat_time": "60",
    "print_settings_id": "0.20mm Speed @Saravia 0.4",
    "skirt_distance": "5",
    "skirt_loops": "3",
    "small_area_infill_flow_compensation": "1",
    "staggered_inner_seams": "1",
    "support_on_build_plate_only": "1",
    "version": "2.2.0.4"
}
